{
  "mod_id": "bewitchment",
  "provided_stones": [],
  "provided_ores": [
    {
      "block_id": [
        "bewitchment:silver_ore",
        "bewitchment:deepslate_silver_ore"
      ],
      "en_name": "Silver Ore",
      "types": [
        "stone"
      ],
      "id": "silver_ore",
      "stone": [
        "stone",
        "deepslate"
      ]
    },
    {
      "block_id": [
        "bewitchment:salt_ore",
        "bewitchment:deepslate_salt_ore"
      ],
      "en_name": "Salt Ore",
      "types": [
        "stone"
      ],
      "id": "salt_ore",
      "stone": [
        "stone",
        "deepslate"
      ]
    }
  ]
}