{
  "mod_id": "mythicmetals",
  "provided_stones": [],
  "provided_ores": [
    {
      "block_id": [
        "mythicmetals:deepslate_adamantite_ore",
        "mythicmetals:adamantite_ore"
      ],
      "en_name": "Adamantite Ore",
      "types": [
        "stone"
      ],
      "id": "adamantite_ore",
      "stone": [
        "deepslate",
        "stone"
      ]
    },
    {
      "block_id": [
        "mythicmetals:banglum_ore",
        "mythicmetals:nether_banglum_ore"
      ],
      "en_name": "Banglum Ore",
      "types": [
        "stone",
        "nether"
      ],
      "id": "banglum_ore",
      "stone": [
        "stone",
        "netherrack"
      ]
    },
    {
      "block_id": [
        "mythicmetals:aquarium_ore"
      ],
      "en_name": "Aquarium Ore",
      "types": [
        "stone"
      ],
      "id": "aquarium_ore",
      "stone": [
        "stone"
      ]
    },
    {
      "block_id": [
        "mythicmetals:carmot_ore",
        "mythicmetals:deepslate_carmot_ore"
      ],
      "en_name": "Carmot Ore",
      "types": [
        "stone"
      ],
      "id": "carmot_ore",
      "stone": [
        "stone",
        "deepslate"
      ]
    },
    {
      "block_id": [
        "mythicmetals:kyber_ore",
        "mythicmetals:calcite_kyber_ore"
      ],
      "en_name": "Kyber Ore",
      "types": [
        "stone"
      ],
      "id": "kyber_ore",
      "stone": [
        "stone",
        "calcite"
      ]
    },
    {
      "block_id": [
        "mythicmetals:manganese_ore"
      ],
      "en_name": "Manganese Ore",
      "types": [
        "stone"
      ],
      "id": "manganese_ore",
      "stone": [
        "stone"
      ]
    },
    {
      "block_id": [
        "mythicmetals:morkite_ore",
        "mythicmetals:deepslate_morkite_ore"
      ],
      "en_name": "Morkite Ore",
      "types": [
        "stone"
      ],
      "id": "morkite_ore",
      "stone": [
        "stone",
        "deepslate"
      ]
    },
    {
      "block_id": [
        "mythicmetals:midas_gold_ore"
      ],
      "en_name": "Midas Gold Ore",
      "types": [
        "nether"
      ],
      "id": "midas_gold_ore",
      "stone": [
        "netherrack"
      ]
    },
    {
      "block_id": [
        "mythicmetals:mythril_ore",
        "mythicmetals:deepslate_mythril_ore"
      ],
      "en_name": "Mythril Ore",
      "types": [
        "stone"
      ],
      "id": "mythril_ore",
      "stone": [
        "stone",
        "deepslate"
      ]
    },
    {
      "block_id": [
        "mythicmetals:tuff_orichalcum_ore",
        "mythicmetals:deepslate_orichalcum_ore",
        "mythicmetals:smooth_basalt_orichalcum_ore",
        "mythicmetals:orichalcum_ore"
      ],
      "en_name": "Orichalcum Ore",
      "types": [
        "stone"
      ],
      "id": "orichalcum_ore",
      "stone": [
        "tuff",
        "deepslate",
        "smooth_basalt",
        "stone"
      ]
    },
    {
      "block_id": [
        "mythicmetals:osmium_ore"
      ],
      "en_name": "Osmium Ore",
      "types": [
        "stone"
      ],
      "id": "osmium_ore",
      "stone": [
        "stone"
      ]
    },
    {
      "block_id": [
        "mythicmetals:palladium_ore"
      ],
      "en_name": "Palladium Ore",
      "types": [
        "nether"
      ],
      "id": "palladium_ore",
      "stone": [
        "netherrack"
      ]
    },
    {
      "block_id": [
        "mythicmetals:platinum_ore"
      ],
      "en_name": "Platinum Ore",
      "types": [
        "stone"
      ],
      "id": "platinum_ore",
      "stone": [
        "stone"
      ]
    },
    {
      "block_id": [
        "mythicmetals:prometheum_ore",
        "mythicmetals:deepslate_prometheum_ore"
      ],
      "en_name": "Prometheum Ore",
      "types": [
        "stone"
      ],
      "id": "prometheum_ore",
      "stone": [
        "stone",
        "deepslate"
      ]
    },
    {
      "block_id": [
        "mythicmetals:quadrillum_ore"
      ],
      "en_name": "Quadrillum Ore",
      "types": [
        "stone"
      ],
      "id": "quadrillum_ore",
      "stone": [
        "stone"
      ]
    },
    {
      "block_id": [
        "mythicmetals:runite_ore"
      ],
      "en_name": "Runite Ore",
      "types": [
        "nether"
      ],
      "id": "runite_ore",
      "stone": [
        "netherrack"
      ]
    },
    {
      "block_id": [
        "mythicmetals:silver_ore"
      ],
      "en_name": "Silver Ore",
      "types": [
        "stone"
      ],
      "id": "silver_ore",
      "stone": [
        "stone"
      ]
    },
    {
      "block_id": [
        "mythicmetals:starrite_ore",
        "mythicmetals:calcite_starrite_ore",
        "mythicmetals:end_stone_starrite_ore"
      ],
      "en_name": "Starrite Ore",
      "types": [
        "stone",
        "end"
      ],
      "id": "starrite_ore",
      "stone": [
        "stone",
        "calcite",
        "end_stone"
      ]
    },
    {
      "block_id": [
        "mythicmetals:stormyx_ore",
        "mythicmetals:blackstone_stormyx_ore"
      ],
      "en_name": "Stormyx Ore",
      "types": [
        "nether"
      ],
      "id": "stormyx_ore",
      "stone": [
        "netherrack",
        "blackstone"
      ]
    },
    {
      "block_id": [
        "mythicmetals:tin_ore"
      ],
      "en_name": "Tin Ore",
      "types": [
        "stone"
      ],
      "id": "tin_ore",
      "stone": [
        "stone"
      ]
    },
    {
      "block_id": [
        "mythicmetals:unobtainium_ore",
        "mythicmetals:deepslate_unobtainium_ore"
      ],
      "en_name": "Unobtainium Ore",
      "types": [
        "stone"
      ],
      "id": "unobtainium_ore",
      "stone": [
        "stone",
        "deepslate"
      ]
    }
  ]
}