{
  "activateSkinCapeForUserVersion": false,
  "skipHashsumValidation": false,
  "additionalFiles": [
    {
      "sha1": "c649df7e8dfbff5b8e571f5a37a0cb755119eb77",
      "size": 16166247,
      "path": "libraries/net/minecraft/client/1.18.2-20220404.173914/client-1.18.2-20220404.173914-srg.jar",
      "url": "http://res.tlauncher.org/unb/libraries/cache/net/minecraft/client/1.18.2-20220404.173914/client-1.18.2-20220404.173914-srg.jar"
    },
    {
      "sha1": "2b8907919c1d51fda0b2ace0eba8a8b73855198f",
      "size": 10909711,
      "path": "libraries/net/minecraft/client/1.18.2-20220404.173914/client-1.18.2-20220404.173914-slim.jar",
      "url": "http://res.tlauncher.org/unb/libraries/cache/net/minecraft/client/1.18.2-20220404.173914/client-1.18.2-20220404.173914-slim.jar"
    },
    {
      "sha1": "a661c6a55a0600bd391bdbbd6827654c05b2109c",
      "size": 6716693,
      "path": "libraries/net/minecraft/client/1.18.2-20220404.173914/client-1.18.2-20220404.173914-mappings.txt",
      "url": "http://res.tlauncher.org/unb/libraries/cache/net/minecraft/client/1.18.2-20220404.173914/client-1.18.2-20220404.173914-mappings.txt"
    },
    {
      "sha1": "52e1b15676c03b5e1b769f5bd7d89426e9807c89",
      "size": 9349972,
      "path": "libraries/net/minecraft/client/1.18.2-20220404.173914/client-1.18.2-20220404.173914-extra.jar",
      "url": "http://res.tlauncher.org/unb/libraries/cache/net/minecraft/client/1.18.2-20220404.173914/client-1.18.2-20220404.173914-extra.jar"
    },
    {
      "sha1": "ef36babe985e1e4d0c0771304ad5e889a0813116",
      "size": 2538801,
      "path": "libraries/net/minecraftforge/forge/1.18.2-40.1.84/forge-1.18.2-40.1.84-universal.jar",
      "url": "http://res.tlauncher.org/unb/libraries/cache/net/minecraftforge/forge/1.18.2-40.1.84/forge-1.18.2-40.1.84-universal.jar"
    },
    {
      "sha1": "f607485a42c6c8b11ea68cb670b3cd78482cbf5b",
      "size": 5120064,
      "path": "libraries/net/minecraftforge/forge/1.18.2-40.1.84/forge-1.18.2-40.1.84-client.jar",
      "url": "http://res.tlauncher.org/unb/libraries/cache/net/minecraftforge/forge/1.18.2-40.1.84/forge-1.18.2-40.1.84-client.jar"
    },
    {
      "sha1": "747c8df870fa2fd0ca766f624ebc28d0a03ab8a5",
      "size": 109984,
      "path": "libraries/net/minecraftforge/fmlcore/1.18.2-40.1.84/fmlcore-1.18.2-40.1.84.jar",
      "url": "http://res.tlauncher.org/unb/libraries/cache/net/minecraftforge/fmlcore/1.18.2-40.1.84/fmlcore-1.18.2-40.1.84.jar"
    },
    {
      "sha1": "186c58367889d719f6bc3705ff0826712380bcea",
      "size": 16293,
      "path": "libraries/net/minecraftforge/javafmllanguage/1.18.2-40.1.84/javafmllanguage-1.18.2-40.1.84.jar",
      "url": "http://res.tlauncher.org/unb/libraries/cache/net/minecraftforge/javafmllanguage/1.18.2-40.1.84/javafmllanguage-1.18.2-40.1.84.jar"
    },
    {
      "sha1": "33db9a422c2f7b53fec27707bb4d3f1e59b3ec55",
      "size": 4988,
      "path": "libraries/net/minecraftforge/mclanguage/1.18.2-40.1.84/mclanguage-1.18.2-40.1.84.jar",
      "url": "http://res.tlauncher.org/unb/libraries/cache/net/minecraftforge/mclanguage/1.18.2-40.1.84/mclanguage-1.18.2-40.1.84.jar"
    },
    {
      "sha1": "7e15a3b7746b4b3f87179e0e9f8cefefc635f83e",
      "size": 7383,
      "path": "libraries/net/minecraftforge/lowcodelanguage/1.18.2-40.1.84/lowcodelanguage-1.18.2-40.1.84.jar",
      "url": "http://res.tlauncher.org/unb/libraries/cache/net/minecraftforge/lowcodelanguage/1.18.2-40.1.84/lowcodelanguage-1.18.2-40.1.84.jar"
    }
  ],
  "tlauncherVersion": 0,
  "modpack": {
    "modpackMemory": false,
    "memory": 0,
    "id": -592246355613900,
    "name": "player",
    "favorite": false,
    "categories": [],
    "tags": [],
    "pictures": [],
    "version": {
      "mods": [
        {
          "stateGameElement": "active",
          "id": 228756,
          "name": "Iron Chests",
          "favorite": false,
          "version": {
            "id": 3966367,
            "name": "ironchest-1.18.2-13.2.11",
            "metadata": {
              "sha1": "cff2b97673a833704d8f28ea46dbc8d6eaac92a3",
              "size": 292497,
              "path": "mods/ironchest-1.18.2-13.2.11.jar",
              "url": "/mods/228756/3966367/ironchest-1.18.2-13.2.11.jar"
            },
            "available": false
          },
          "userInstall": false,
          "populateStatus": false,
          "available": false
        },
        {
          "stateGameElement": "active",
          "id": 324717,
          "name": "Jade 🔍",
          "favorite": false,
          "version": {
            "id": 4082408,
            "name": "Jade-1.18.2-forge-5.2.6",
            "metadata": {
              "sha1": "9db36c71576ee72933c17b1338fda7a273a751b6",
              "size": 298590,
              "path": "mods/Jade-1.18.2-forge-5.2.6.jar",
              "url": "/mods/324717/4082408/Jade-1.18.2-forge-5.2.6.jar"
            },
            "available": false
          },
          "userInstall": false,
          "populateStatus": false,
          "dependencies": [
            {
              "gameType": "mod",
              "id": 238222,
              "name": "Just Enough Items (JEI)",
              "gameEntityId": 238222,
              "dependencyType": "required"
            },
            {
              "gameType": "mod",
              "id": 253449,
              "name": "Hwyla",
              "gameEntityId": 253449,
              "dependencyType": "required"
            }
          ],
          "available": false
        },
        {
          "stateGameElement": "active",
          "id": 238222,
          "name": "Just Enough Items (JEI)",
          "favorite": false,
          "version": {
            "id": 4061573,
            "name": "jei-1.18.2-9.7.2.281",
            "metadata": {
              "sha1": "ed61ae1c76da2faab34bfefc770b298fb6f77f90",
              "size": 999655,
              "path": "mods/jei-1.18.2-9.7.2.281.jar",
              "url": "/mods/238222/4061573/jei-1.18.2-9.7.2.281.jar"
            },
            "available": false
          },
          "userInstall": false,
          "populateStatus": false,
          "available": false
        },
        {
          "stateGameElement": "active",
          "id": 238551,
          "name": "GraveStone Mod",
          "favorite": false,
          "version": {
            "id": 3713957,
            "name": "[1.18.2] Gravestone Mod 1.18.2-1.0.2",
            "metadata": {
              "sha1": "39a226e85c5407e436811b71590d8126b5cdb66f",
              "size": 249205,
              "path": "mods/gravestone-1.18.2-1.0.2.jar",
              "url": "/mods/238551/3713957/gravestone-1.18.2-1.0.2.jar"
            },
            "available": false
          },
          "userInstall": false,
          "populateStatus": false,
          "dependencies": [
            {
              "gameType": "mod",
              "id": 324717,
              "name": "Jade 🔍",
              "gameEntityId": 324717,
              "dependencyType": "required"
            }
          ],
          "available": false
        },
        {
          "stateGameElement": "active",
          "id": 388364,
          "name": "Easier Sleeping",
          "favorite": false,
          "version": {
            "id": 3683922,
            "name": "1.18.2-2.1.0",
            "metadata": {
              "sha1": "483a35a0a500f8cf5da16141492ef8ed6501b27f",
              "size": 54825,
              "path": "mods/EasierSleeping-1.18.2-2.1.0.jar",
              "url": "/mods/388364/3683922/EasierSleeping-1.18.2-2.1.0.jar"
            },
            "available": false
          },
          "userInstall": false,
          "populateStatus": false,
          "available": false
        },
        {
          "stateGameElement": "active",
          "id": 364466,
          "name": "Allthemodium",
          "favorite": false,
          "version": {
            "id": 4019806,
            "name": "allthemodium-1.9.6-1.18.2-40.1.51",
            "metadata": {
              "sha1": "a59631a7969a207f4242323c276a0957ab4ac114",
              "size": 1761116,
              "path": "mods/allthemodium-1.9.6-1.18.2-40.1.51.jar",
              "url": "/mods/364466/4019806/allthemodium-1.9.6-1.18.2-40.1.51.jar"
            },
            "available": false
          },
          "userInstall": false,
          "populateStatus": false,
          "dependencies": [
            {
              "gameType": "mod",
              "id": 388172,
              "name": "GeckoLib",
              "gameEntityId": 388172,
              "dependencyType": "required"
            }
          ],
          "available": false
        },
        {
          "stateGameElement": "active",
          "id": 388172,
          "name": "GeckoLib",
          "favorite": false,
          "version": {
            "id": 4096656,
            "name": "geckolib-forge-1.18-3.0.56",
            "metadata": {
              "sha1": "c13f7cfb662d6858cd7357c50a1be1f4bb06a505",
              "size": 2927523,
              "path": "mods/geckolib-forge-1.18-3.0.56.jar",
              "url": "/mods/388172/4096656/geckolib-forge-1.18-3.0.56.jar"
            },
            "available": false
          },
          "userInstall": false,
          "populateStatus": false,
          "available": false
        },
        {
          "stateGameElement": "active",
          "id": 237664,
          "name": "Iron Furnaces [FORGE]",
          "favorite": false,
          "version": {
            "id": 4025949,
            "name": "ironfurnaces-1.18.2-3.3.2",
            "metadata": {
              "sha1": "6b927f99b18123aae0cccf750025962b57170cc6",
              "size": 599106,
              "path": "mods/ironfurnaces-1.18.2-3.3.2.jar",
              "url": "/mods/237664/4025949/ironfurnaces-1.18.2-3.3.2.jar"
            },
            "available": false
          },
          "userInstall": false,
          "populateStatus": false,
          "dependencies": [
            {
              "gameType": "mod",
              "id": 364466,
              "name": "Allthemodium",
              "gameEntityId": 364466,
              "dependencyType": "required"
            }
          ],
          "available": false
        },
        {
          "stateGameElement": "active",
          "id": 401945,
          "name": "Iron Coals",
          "favorite": false,
          "version": {
            "id": 3671474,
            "name": "ironcoals-4.1.1",
            "metadata": {
              "sha1": "186554b151750a0e808f57b17e406a7630b3833f",
              "size": 119191,
              "path": "mods/ironcoals-4.1.1.jar",
              "url": "/mods/401945/3671474/ironcoals-4.1.1.jar"
            },
            "available": false
          },
          "userInstall": false,
          "populateStatus": false,
          "available": false
        },
        {
          "stateGameElement": "active",
          "id": 306770,
          "name": "Patchouli",
          "favorite": false,
          "version": {
            "id": 3846086,
            "name": "1.18.2-71.1",
            "metadata": {
              "sha1": "89e1aa7994794a3476ef6de31461eb1ce78da02d",
              "size": 631415,
              "path": "mods/Patchouli-1.18.2-71.1.jar",
              "url": "/mods/306770/3846086/Patchouli-1.18.2-71.1.jar"
            },
            "available": false
          },
          "userInstall": false,
          "populateStatus": false,
          "available": false
        },
        {
          "stateGameElement": "active",
          "id": 415438,
          "name": "Croptopia",
          "favorite": false,
          "version": {
            "id": 3947782,
            "name": "1.18.2-FORGE-2.1.0",
            "metadata": {
              "sha1": "f060f8542224ad4a8d1b86da513b9fd7a3d902aa",
              "size": 1862742,
              "path": "mods/Croptopia-1.18.2-FORGE-2.1.0.jar",
              "url": "/mods/415438/3947782/Croptopia-1.18.2-FORGE-2.1.0.jar"
            },
            "available": false
          },
          "userInstall": false,
          "populateStatus": false,
          "dependencies": [
            {
              "gameType": "mod",
              "id": 306770,
              "name": "Patchouli",
              "gameEntityId": 306770,
              "dependencyType": "required"
            }
          ],
          "available": false
        },
        {
          "stateGameElement": "active",
          "id": 465066,
          "name": "ExpandAbility",
          "favorite": false,
          "version": {
            "id": 3678612,
            "name": "[Forge 1.18.2] v6.0.0",
            "metadata": {
              "sha1": "9f6a758dea9f329a1101a83b37a2b4e7f5a191e2",
              "size": 42821,
              "path": "mods/expandability-6.0.0.jar",
              "url": "/mods/465066/3678612/expandability-6.0.0.jar"
            },
            "available": false
          },
          "userInstall": false,
          "populateStatus": false,
          "available": false
        },
        {
          "stateGameElement": "active",
          "id": 309927,
          "name": "Curios API (Forge)",
          "favorite": false,
          "version": {
            "id": 3841948,
            "name": "curios-forge-1.18.2-5.0.7.1",
            "metadata": {
              "sha1": "5d8dca2d6c769eccbd21ce6a48ed50d93b5597f4",
              "size": 270867,
              "path": "mods/curios-forge-1.18.2-5.0.7.1.jar",
              "url": "/mods/309927/3841948/curios-forge-1.18.2-5.0.7.1.jar"
            },
            "available": false
          },
          "userInstall": false,
          "populateStatus": false,
          "available": false
        },
        {
          "stateGameElement": "active",
          "id": 312353,
          "name": "Artifacts",
          "favorite": false,
          "version": {
            "id": 3984105,
            "name": "artifacts-1.18.2-4.2.0",
            "metadata": {
              "sha1": "b4baf2b7d0c26b01314452ab54fdf2d2ac156e7a",
              "size": 506701,
              "path": "mods/artifacts-1.18.2-4.2.0.jar",
              "url": "/mods/312353/3984105/artifacts-1.18.2-4.2.0.jar"
            },
            "available": false
          },
          "userInstall": false,
          "populateStatus": false,
          "dependencies": [
            {
              "gameType": "mod",
              "id": 465066,
              "name": "ExpandAbility",
              "gameEntityId": 465066,
              "dependencyType": "required"
            },
            {
              "gameType": "mod",
              "id": 309927,
              "name": "Curios API (Forge)",
              "gameEntityId": 309927,
              "dependencyType": "required"
            }
          ],
          "available": false
        },
        {
          "stateGameElement": "active",
          "id": 469301,
          "name": "Village Artifacts",
          "favorite": false,
          "version": {
            "id": 3544598,
            "name": "villagertools-1.18-1.0.2",
            "metadata": {
              "sha1": "cc57662b97ae6843703596bb57c895a3af188c42",
              "size": 4886012,
              "path": "mods/villagertools-1.18-1.0.2.jar",
              "url": "/mods/469301/3544598/villagertools-1.18-1.0.2.jar"
            },
            "available": false
          },
          "userInstall": false,
          "populateStatus": false,
          "available": false
        },
        {
          "stateGameElement": "active",
          "id": 250898,
          "name": "Ore Excavation",
          "favorite": false,
          "version": {
            "id": 3831679,
            "name": "1.10.162",
            "metadata": {
              "sha1": "dbbb9fc621aaa9020c7ecfa5b637684e43393e4c",
              "size": 278734,
              "path": "mods/OreExcavation-1.10.162.jar",
              "url": "/mods/250898/3831679/OreExcavation-1.10.162.jar"
            },
            "available": false
          },
          "userInstall": false,
          "populateStatus": false,
          "available": false
        },
        {
          "stateGameElement": "active",
          "id": 459701,
          "name": "Catalogue",
          "favorite": false,
          "version": {
            "id": 3803098,
            "name": "1.6.2",
            "metadata": {
              "sha1": "ffba614f78af09cd60e554f1d605463f723d7466",
              "size": 98216,
              "path": "mods/catalogue-1.6.2-1.18.2.jar",
              "url": "/mods/459701/3803098/catalogue-1.6.2-1.18.2.jar"
            },
            "available": false
          },
          "userInstall": false,
          "populateStatus": false,
          "dependencies": [
            {
              "gameType": "mod",
              "id": 457570,
              "name": "Configured",
              "gameEntityId": 457570,
              "dependencyType": "required"
            }
          ],
          "available": false
        },
        {
          "stateGameElement": "active",
          "id": 457570,
          "name": "Configured",
          "favorite": false,
          "version": {
            "id": 4010624,
            "name": "2.0.0",
            "metadata": {
              "sha1": "dd68539ae7e31a39d4b19dea26acf8cef776efee",
              "size": 276996,
              "path": "mods/configured-2.0.0-1.18.2.jar",
              "url": "/mods/457570/4010624/configured-2.0.0-1.18.2.jar"
            },
            "available": false
          },
          "userInstall": false,
          "populateStatus": false,
          "dependencies": [
            {
              "gameType": "mod",
              "id": 459701,
              "name": "Catalogue",
              "gameEntityId": 459701,
              "dependencyType": "required"
            }
          ],
          "available": false
        },
        {
          "stateGameElement": "active",
          "id": 363703,
          "name": "Goblin Traders",
          "favorite": false,
          "version": {
            "id": 4010650,
            "name": "1.8.0",
            "metadata": {
              "sha1": "bbd8dbb5ea64ba3c945b4560e75acb9d62222d02",
              "size": 439283,
              "path": "mods/goblintraders-1.8.0-1.18.2.jar",
              "url": "/mods/363703/4010650/goblintraders-1.8.0-1.18.2.jar"
            },
            "available": false
          },
          "userInstall": false,
          "populateStatus": false,
          "dependencies": [
            {
              "gameType": "mod",
              "id": 459701,
              "name": "Catalogue",
              "gameEntityId": 459701,
              "dependencyType": "required"
            },
            {
              "gameType": "mod",
              "id": 457570,
              "name": "Configured",
              "gameEntityId": 457570,
              "dependencyType": "required"
            }
          ],
          "available": false
        },
        {
          "stateGameElement": "active",
          "id": 484954,
          "name": "More Villagers",
          "favorite": false,
          "version": {
            "id": 3843498,
            "name": "morevillagers-forge-1.18.2-3.3.2",
            "metadata": {
              "sha1": "7bcc43ad797ce7233a2c43f6f8eccec94dd34036",
              "size": 233461,
              "path": "mods/morevillagers-forge-1.18.2-3.3.2.jar",
              "url": "/mods/484954/3843498/morevillagers-forge-1.18.2-3.3.2.jar"
            },
            "available": false
          },
          "userInstall": false,
          "populateStatus": false,
          "available": false
        },
        {
          "stateGameElement": "active",
          "id": 225643,
          "name": "Botania",
          "favorite": false,
          "version": {
            "id": 3936568,
            "name": "1.18.2-435",
            "metadata": {
              "sha1": "f85a3757cc6d58896856ce42cd6f8165e576dc5b",
              "size": 11422451,
              "path": "mods/Botania-1.18.2-435.jar",
              "url": "/mods/225643/3936568/Botania-1.18.2-435.jar"
            },
            "available": false
          },
          "userInstall": false,
          "populateStatus": false,
          "dependencies": [
            {
              "gameType": "mod",
              "id": 306770,
              "name": "Patchouli",
              "gameEntityId": 306770,
              "dependencyType": "required"
            },
            {
              "gameType": "mod",
              "id": 309927,
              "name": "Curios API (Forge)",
              "gameEntityId": 309927,
              "dependencyType": "required"
            }
          ],
          "available": false
        },
        {
          "stateGameElement": "active",
          "id": 220311,
          "name": "Silent's Gems",
          "favorite": false,
          "version": {
            "id": 3779907,
            "name": "silents-gems-1.18.2-4.3.0",
            "metadata": {
              "sha1": "56e0e12ad3175284dc95bebfcddbe68577349d51",
              "size": 747487,
              "path": "mods/silents-gems-1.18.2-4.3.0.jar",
              "url": "/mods/220311/3779907/silents-gems-1.18.2-4.3.0.jar"
            },
            "available": false
          },
          "userInstall": false,
          "populateStatus": false,
          "dependencies": [
            {
              "gameType": "mod",
              "id": 297039,
              "name": "Silent Gear",
              "gameEntityId": 297039,
              "dependencyType": "required"
            },
            {
              "gameType": "mod",
              "id": 444421,
              "name": "Token Enchanter",
              "gameEntityId": 444421,
              "dependencyType": "required"
            },
            {
              "gameType": "mod",
              "id": 242998,
              "name": "Silent Lib (silentlib)",
              "gameEntityId": 242998,
              "dependencyType": "required"
            }
          ],
          "available": false
        },
        {
          "stateGameElement": "active",
          "id": 297039,
          "name": "Silent Gear",
          "favorite": false,
          "version": {
            "id": 4029622,
            "name": "silent-gear-1.18.2-2.10.16",
            "metadata": {
              "sha1": "b922a138a6a02d162b861d9b8159224e63e91762",
              "size": 2698667,
              "path": "mods/silent-gear-1.18.2-2.10.16.jar",
              "url": "/mods/297039/4029622/silent-gear-1.18.2-2.10.16.jar"
            },
            "available": false
          },
          "userInstall": false,
          "populateStatus": false,
          "dependencies": [
            {
              "gameType": "mod",
              "id": 308989,
              "name": "Caelus API (Forge)",
              "gameEntityId": 308989,
              "dependencyType": "required"
            },
            {
              "gameType": "mod",
              "id": 309927,
              "name": "Curios API (Forge)",
              "gameEntityId": 309927,
              "dependencyType": "required"
            },
            {
              "gameType": "mod",
              "id": 242998,
              "name": "Silent Lib (silentlib)",
              "gameEntityId": 242998,
              "dependencyType": "required"
            }
          ],
          "available": false
        },
        {
          "stateGameElement": "active",
          "id": 308989,
          "name": "Caelus API (Forge)",
          "favorite": false,
          "version": {
            "id": 3650485,
            "name": "caelus-forge-1.18.1-3.0.0.2",
            "metadata": {
              "sha1": "befa3b8e7bd0f5fdf373be726e5ce2b7bdfa16b6",
              "size": 37157,
              "path": "mods/caelus-forge-1.18.1-3.0.0.2.jar",
              "url": "/mods/308989/3650485/caelus-forge-1.18.1-3.0.0.2.jar"
            },
            "available": false
          },
          "userInstall": false,
          "populateStatus": false,
          "available": false
        },
        {
          "stateGameElement": "active",
          "id": 242998,
          "name": "Silent Lib (silentlib)",
          "favorite": false,
          "version": {
            "id": 3708359,
            "name": "silent-lib-1.18.2-6.2.0",
            "metadata": {
              "sha1": "da1756240a4c1fc8384e6e9c5c8de6b736ad1f57",
              "size": 229142,
              "path": "mods/silent-lib-1.18.2-6.2.0.jar",
              "url": "/mods/242998/3708359/silent-lib-1.18.2-6.2.0.jar"
            },
            "available": false
          },
          "userInstall": false,
          "populateStatus": false,
          "available": false
        },
        {
          "stateGameElement": "active",
          "id": 444421,
          "name": "Token Enchanter",
          "favorite": false,
          "version": {
            "id": 3758901,
            "name": "token-enchanter-1.18.2-1.3.1",
            "metadata": {
              "sha1": "4592415f3f9e07b08f666b05a67b0cf0a93ed9ee",
              "size": 162062,
              "path": "mods/token-enchanter-1.18.2-1.3.1.jar",
              "url": "/mods/444421/3758901/token-enchanter-1.18.2-1.3.1.jar"
            },
            "available": false
          },
          "userInstall": false,
          "populateStatus": false,
          "dependencies": [
            {
              "gameType": "mod",
              "id": 242998,
              "name": "Silent Lib (silentlib)",
              "gameEntityId": 242998,
              "dependencyType": "required"
            }
          ],
          "available": false
        },
        {
          "stateGameElement": "active",
          "id": 244844,
          "name": "ForgeEndertech",
          "favorite": false,
          "version": {
            "id": 3951014,
            "name": "1.18.2-9.0.5.0-build.1061",
            "metadata": {
              "sha1": "75c910040487146d547635edcc225119e9407607",
              "size": 508113,
              "path": "mods/ForgeEndertech-1.18.2-9.0.5.0-build.1061.jar",
              "url": "/mods/244844/3951014/ForgeEndertech-1.18.2-9.0.5.0-build.1061.jar"
            },
            "available": false
          },
          "userInstall": false,
          "populateStatus": false,
          "available": false
        },
        {
          "stateGameElement": "active",
          "id": 318833,
          "name": "Large Ore Deposits",
          "favorite": false,
          "version": {
            "id": 3951627,
            "name": "AdLods-1.18.2-6.0.2.0-build.1069",
            "metadata": {
              "sha1": "a694e72d5985462be737ab2af5809ebd8ebc6bb2",
              "size": 114790,
              "path": "mods/AdLods-1.18.2-6.0.2.0-build.1069.jar",
              "url": "/mods/318833/3951627/AdLods-1.18.2-6.0.2.0-build.1069.jar"
            },
            "available": false
          },
          "userInstall": false,
          "populateStatus": false,
          "dependencies": [
            {
              "gameType": "mod",
              "id": 225643,
              "name": "Botania",
              "gameEntityId": 225643,
              "dependencyType": "required"
            },
            {
              "gameType": "mod",
              "id": 220311,
              "name": "Silent's Gems",
              "gameEntityId": 220311,
              "dependencyType": "required"
            },
            {
              "gameType": "mod",
              "id": 244844,
              "name": "ForgeEndertech",
              "gameEntityId": 244844,
              "dependencyType": "required"
            }
          ],
          "available": false
        },
        {
          "stateGameElement": "active",
          "id": 405593,
          "name": "ATO - All the Ores",
          "favorite": false,
          "version": {
            "id": 3975599,
            "name": "alltheores-1.9.9m-1.18.2-40.1.0",
            "metadata": {
              "sha1": "4a1c2512ee9abd0f7daf0f475bdc05ea1275bdbd",
              "size": 1041150,
              "path": "mods/alltheores-1.9.9m-1.18.2-40.1.0.jar",
              "url": "/mods/405593/3975599/alltheores-1.9.9m-1.18.2-40.1.0.jar"
            },
            "available": false
          },
          "userInstall": false,
          "populateStatus": false,
          "available": false
        },
        {
          "stateGameElement": "active",
          "id": 577411,
          "name": "Excavated Variants",
          "favorite": false,
          "version": {
            "id": 3867010,
            "name": "[Forge] v0.6.4",
            "metadata": {
              "sha1": "5242115bda52e2f5f45147c7367d8b52fe52c433",
              "size": 139349,
              "path": "mods/excavated_variants-forge-1.18.2-0.6.4.jar",
              "url": "/mods/577411/3867010/excavated_variants-forge-1.18.2-0.6.4.jar"
            },
            "available": false
          },
          "userInstall": false,
          "populateStatus": false,
          "dependencies": [
            {
              "gameType": "mod",
              "id": 577096,
              "name": "Dynamic Asset Generator",
              "gameEntityId": 577096,
              "dependencyType": "required"
            }
          ],
          "available": false
        },
        {
          "stateGameElement": "active",
          "id": 577096,
          "name": "Dynamic Asset Generator",
          "favorite": false,
          "version": {
            "id": 3808487,
            "name": "[Forge] v0.6.3",
            "metadata": {
              "sha1": "89889ec1097d1e396eb19bbc0644023de8d7df61",
              "size": 139800,
              "path": "mods/dynamic_asset_generator-forge-1.18.2-0.6.3.jar",
              "url": "/mods/577096/3808487/dynamic_asset_generator-forge-1.18.2-0.6.3.jar"
            },
            "available": false
          },
          "userInstall": false,
          "populateStatus": false,
          "dependencies": [
            {
              "gameType": "mod",
              "id": 634179,
              "name": "Quilted Fabric API (QFAPI)  Quilt Standard Libraries (QSL)",
              "gameEntityId": 634179,
              "dependencyType": "required"
            }
          ],
          "available": false
        },
        {
          "stateGameElement": "active",
          "id": 406825,
          "name": "Unearthed",
          "favorite": false,
          "version": {
            "id": 3999558,
            "name": "forge-1.18.2-2.3.3-slim",
            "metadata": {
              "sha1": "b132665a740400be37fa0ee7791213b0bf7f0387",
              "size": 1497730,
              "path": "mods/Unearthed-forge-1.18.2-2.3.3-slim.jar",
              "url": "/mods/406825/3999558/Unearthed-forge-1.18.2-2.3.3-slim.jar"
            },
            "available": false
          },
          "userInstall": false,
          "populateStatus": false,
          "dependencies": [
            {
              "gameType": "mod",
              "id": 609850,
              "name": "Hyle",
              "gameEntityId": 609850,
              "dependencyType": "required"
            }
          ],
          "available": false
        },
        {
          "stateGameElement": "active",
          "id": 609850,
          "name": "Hyle",
          "favorite": false,
          "version": {
            "id": 3748968,
            "name": "forge-1.18.2-0.1.0",
            "metadata": {
              "sha1": "3970b56755bb696beb2cefa973f70b95915f5b99",
              "size": 228610,
              "path": "mods/Hyle-forge-1.18.2-0.1.0.jar",
              "url": "/mods/609850/3748968/Hyle-forge-1.18.2-0.1.0.jar"
            },
            "available": false
          },
          "userInstall": false,
          "populateStatus": false,
          "available": false
        },
        {
          "stateGameElement": "active",
          "id": 556697,
          "name": "More Ore Stones [FORGE]",
          "favorite": false,
          "version": {
            "id": 3681536,
            "name": "Mores 1.3.0",
            "metadata": {
              "sha1": "f85b048bfc0052e62c69ac6091b6c6ab530c7fa4",
              "size": 200729,
              "path": "mods/mores-1.3.0.jar",
              "url": "/mods/556697/3681536/mores-1.3.0.jar"
            },
            "available": false
          },
          "userInstall": false,
          "populateStatus": false,
          "available": false
        },
        {
          "stateGameElement": "active",
          "id": 560542,
          "name": "Ore Creeper",
          "favorite": false,
          "version": {
            "id": 4002782,
            "name": "1.18.2-1.1.10",
            "metadata": {
              "sha1": "f9d4000996ebaeff27ac6151c4cb413cf889182b",
              "size": 1309565,
              "path": "mods/Ore+Creeper-1.18.2-1.1.10.jar",
              "url": "/mods/560542/4002782/Ore+Creeper-1.18.2-1.1.10.jar"
            },
            "available": false
          },
          "userInstall": false,
          "populateStatus": false,
          "dependencies": [
            {
              "gameType": "mod",
              "id": 405593,
              "name": "ATO - All the Ores",
              "gameEntityId": 405593,
              "dependencyType": "required"
            },
            {
              "gameType": "mod",
              "id": 577411,
              "name": "Excavated Variants",
              "gameEntityId": 577411,
              "dependencyType": "required"
            },
            {
              "gameType": "mod",
              "id": 406825,
              "name": "Unearthed",
              "gameEntityId": 406825,
              "dependencyType": "required"
            },
            {
              "gameType": "mod",
              "id": 556697,
              "name": "More Ore Stones [FORGE]",
              "gameEntityId": 556697,
              "dependencyType": "required"
            }
          ],
          "available": false
        },
        {
          "stateGameElement": "active",
          "id": 295506,
          "name": "Sulfur And Potassium - More Gunpowder",
          "favorite": false,
          "version": {
            "id": 3684585,
            "name": "sulfurpotassiummod-1.18.2-2.3.3+Forge",
            "metadata": {
              "sha1": "22d18681fe1960e4f32d2524994c1db582cf17a7",
              "size": 43459,
              "path": "mods/sulfurpotassiummod-1.18.2-2.3.3+Forge.jar",
              "url": "/mods/295506/3684585/sulfurpotassiummod-1.18.2-2.3.3+Forge.jar"
            },
            "available": false
          },
          "userInstall": false,
          "populateStatus": false,
          "available": false
        },
        {
          "stateGameElement": "active",
          "id": 438447,
          "name": "Enhanced Celestials - Blood, Blue, & Harvest (Super) Moons",
          "favorite": false,
          "version": {
            "id": 3785992,
            "name": "Enhanced_Celestials-forge-1.18.2-2.0.7",
            "metadata": {
              "sha1": "be050476b2ca2311cdd56eb0b49f6df95990b338",
              "size": 1480305,
              "path": "mods/Enhanced_Celestials-forge-1.18.2-2.0.7.jar",
              "url": "/mods/438447/3785992/Enhanced_Celestials-forge-1.18.2-2.0.7.jar"
            },
            "available": false
          },
          "userInstall": false,
          "populateStatus": false,
          "dependencies": [
            {
              "gameType": "mod",
              "id": 693313,
              "name": "CorgiLib",
              "gameEntityId": 693313,
              "dependencyType": "required"
            }
          ],
          "available": false
        },
        {
          "stateGameElement": "active",
          "id": 230976,
          "name": "Fast Leaf Decay",
          "favorite": false,
          "version": {
            "id": 3693140,
            "name": "28",
            "metadata": {
              "sha1": "1005968a5f60863168156efbf0ed7e05137d6ab2",
              "size": 8873,
              "path": "mods/FastLeafDecay-28.jar",
              "url": "/mods/230976/3693140/FastLeafDecay-28.jar"
            },
            "available": false
          },
          "userInstall": false,
          "populateStatus": false,
          "available": false
        },
        {
          "stateGameElement": "active",
          "id": 452033,
          "name": "Apple Trees Revived [Forge & Fabric][1.12.x - 1.18.2]",
          "favorite": false,
          "version": {
            "id": 3787613,
            "name": "AppleTreesRev-Forge-1.18.2-v2.0",
            "metadata": {
              "sha1": "7a732e34f1e774309a3cf097790ea12c500894e8",
              "size": 212327,
              "path": "mods/AppleTreesRev-Forge-1.18.2-v2.0.jar",
              "url": "/mods/452033/3787613/AppleTreesRev-Forge-1.18.2-v2.0.jar"
            },
            "available": false
          },
          "userInstall": false,
          "populateStatus": false,
          "available": false
        },
        {
          "stateGameElement": "active",
          "id": 289712,
          "name": "Tetra",
          "favorite": false,
          "version": {
            "id": 4029100,
            "name": "tetra-1.18.2-4.10.1",
            "metadata": {
              "sha1": "6548b0983506eb5e9f333337eca5ab2cd3dce536",
              "size": 2979654,
              "path": "mods/tetra-1.18.2-4.10.1.jar",
              "url": "/mods/289712/4029100/tetra-1.18.2-4.10.1.jar"
            },
            "available": false
          },
          "userInstall": false,
          "populateStatus": false,
          "dependencies": [
            {
              "gameType": "mod",
              "id": 351914,
              "name": "mutil",
              "gameEntityId": 351914,
              "dependencyType": "required"
            }
          ],
          "available": false
        },
        {
          "stateGameElement": "active",
          "id": 351914,
          "name": "mutil",
          "favorite": false,
          "version": {
            "id": 3788376,
            "name": "1.18.2-4.5.0",
            "metadata": {
              "sha1": "bcc7951d592701de8c46769c9b0eccd6a3a73706",
              "size": 91081,
              "path": "mods/mutil-1.18.2-4.5.0.jar",
              "url": "/mods/351914/3788376/mutil-1.18.2-4.5.0.jar"
            },
            "available": false
          },
          "userInstall": false,
          "populateStatus": false,
          "available": false
        },
        {
          "stateGameElement": "active",
          "id": 301700,
          "name": "Gobber [FORGE]",
          "favorite": false,
          "version": {
            "id": 4027518,
            "name": "Gobber2-Forge-1.18.2-2.6.37",
            "metadata": {
              "sha1": "49cc3a67a6b9888f477440a3432d6bfbaa745a9a",
              "size": 548906,
              "path": "mods/Gobber2-Forge-1.18.2-2.6.37.jar",
              "url": "/mods/301700/4027518/Gobber2-Forge-1.18.2-2.6.37.jar"
            },
            "available": false
          },
          "userInstall": false,
          "populateStatus": false,
          "dependencies": [
            {
              "gameType": "mod",
              "id": 297039,
              "name": "Silent Gear",
              "gameEntityId": 297039,
              "dependencyType": "required"
            },
            {
              "gameType": "mod",
              "id": 289712,
              "name": "Tetra",
              "gameEntityId": 289712,
              "dependencyType": "required"
            },
            {
              "gameType": "mod",
              "id": 358700,
              "name": "More Dragon Eggs",
              "gameEntityId": 358700,
              "dependencyType": "required"
            },
            {
              "gameType": "mod",
              "id": 238222,
              "name": "Just Enough Items (JEI)",
              "gameEntityId": 238222,
              "dependencyType": "required"
            },
            {
              "gameType": "mod",
              "id": 309927,
              "name": "Curios API (Forge)",
              "gameEntityId": 309927,
              "dependencyType": "required"
            }
          ],
          "available": false
        },
        {
          "stateGameElement": "active",
          "id": 241319,
          "name": "Reliquary Reincarnations",
          "favorite": false,
          "version": {
            "id": 4001490,
            "name": "reliquary-1.18.2-2.0.19.1161",
            "metadata": {
              "sha1": "c09bd54f7a540c59f923aa8aafc82c67eb05aa9c",
              "size": 2159499,
              "path": "mods/reliquary-1.18.2-2.0.19.1161.jar",
              "url": "/mods/241319/4001490/reliquary-1.18.2-2.0.19.1161.jar"
            },
            "available": false
          },
          "userInstall": false,
          "populateStatus": false,
          "dependencies": [
            {
              "gameType": "mod",
              "id": 324717,
              "name": "Jade 🔍",
              "gameEntityId": 324717,
              "dependencyType": "required"
            },
            {
              "gameType": "mod",
              "id": 238222,
              "name": "Just Enough Items (JEI)",
              "gameEntityId": 238222,
              "dependencyType": "required"
            },
            {
              "gameType": "mod",
              "id": 309927,
              "name": "Curios API (Forge)",
              "gameEntityId": 309927,
              "dependencyType": "required"
            }
          ],
          "available": false
        },
        {
          "stateGameElement": "active",
          "id": 271272,
          "name": "Trapcraft",
          "favorite": false,
          "version": {
            "id": 3973178,
            "name": "1.18.2-3.6.12",
            "metadata": {
              "sha1": "eb935627faeb7632f0a2e32e2c476d1858e250be",
              "size": 615971,
              "path": "mods/Trapcraft-1.18.2-3.6.12.jar",
              "url": "/mods/271272/3973178/Trapcraft-1.18.2-3.6.12.jar"
            },
            "available": false
          },
          "userInstall": false,
          "populateStatus": false,
          "available": false
        },
        {
          "stateGameElement": "active",
          "id": 348521,
          "name": "Cloth Config API (FabricForge)",
          "favorite": false,
          "version": {
            "id": 3972426,
            "name": "[Forge 1.18.x] v6.4.90",
            "metadata": {
              "sha1": "75e5461d9adef754ed77352b520ce44e7bd1ef5b",
              "size": 1148490,
              "path": "mods/cloth-config-6.4.90-forge.jar",
              "url": "/mods/348521/3972426/cloth-config-6.4.90-forge.jar"
            },
            "available": false
          },
          "userInstall": false,
          "populateStatus": false,
          "available": false
        },
        {
          "stateGameElement": "active",
          "id": 310111,
          "name": "Roughly Enough Items FabricForge (REI)",
          "favorite": false,
          "version": {
            "id": 4119144,
            "name": "[Forge 1.18.2] v8.3.573",
            "metadata": {
              "sha1": "db2c7af872911828a9d68897501a8906c981ecff",
              "size": 2093467,
              "path": "mods/RoughlyEnoughItems-8.3.573.jar",
              "url": "/mods/310111/4119144/RoughlyEnoughItems-8.3.573.jar"
            },
            "available": false
          },
          "userInstall": false,
          "populateStatus": false,
          "dependencies": [
            {
              "gameType": "mod",
              "id": 348521,
              "name": "Cloth Config API (FabricForge)",
              "gameEntityId": 348521,
              "dependencyType": "required"
            },
            {
              "gameType": "mod",
              "id": 306612,
              "name": "Fabric API",
              "gameEntityId": 306612,
              "dependencyType": "required"
            },
            {
              "gameType": "mod",
              "id": 419699,
              "name": "Architectury API (FabricForge)",
              "gameEntityId": 419699,
              "dependencyType": "required"
            }
          ],
          "available": false
        },
        {
          "stateGameElement": "active",
          "id": 419699,
          "name": "Architectury API (FabricForge)",
          "favorite": false,
          "version": {
            "id": 4040966,
            "name": "[Forge 1.18.2] v4.10.86",
            "metadata": {
              "sha1": "bfc821dbea22f2991fc15bdb9e6826062ea60c93",
              "size": 548026,
              "path": "mods/architectury-4.10.86-forge.jar",
              "url": "/mods/419699/4040966/architectury-4.10.86-forge.jar"
            },
            "available": false
          },
          "userInstall": false,
          "populateStatus": false,
          "available": false
        },
        {
          "stateGameElement": "active",
          "id": 256717,
          "name": "Clumps",
          "favorite": false,
          "version": {
            "id": 3913406,
            "name": "forge-1.18.2-8.0.0+15",
            "metadata": {
              "sha1": "fa3a5ce1676d51a71f555d627477b2aa1ec40892",
              "size": 16764,
              "path": "mods/Clumps-forge-1.18.2-8.0.0+15.jar",
              "url": "/mods/256717/3913406/Clumps-forge-1.18.2-8.0.0+15.jar"
            },
            "available": false
          },
          "userInstall": false,
          "populateStatus": false,
          "available": false
        },
        {
          "stateGameElement": "active",
          "id": 426206,
          "name": "MC Dungeons Armors",
          "favorite": false,
          "version": {
            "id": 3864859,
            "name": "mcda-2.0.7",
            "metadata": {
              "sha1": "cd8752808d3c1aa2e89cd395284edfee1e14c932",
              "size": 833973,
              "path": "mods/mcda-2.0.7.jar",
              "url": "/mods/426206/3864859/mcda-2.0.7.jar"
            },
            "available": false
          },
          "userInstall": false,
          "populateStatus": false,
          "dependencies": [
            {
              "gameType": "mod",
              "id": 410224,
              "name": "EnvironmentZ",
              "gameEntityId": 410224,
              "dependencyType": "required"
            },
            {
              "gameType": "mod",
              "id": 348521,
              "name": "Cloth Config API (FabricForge)",
              "gameEntityId": 348521,
              "dependencyType": "required"
            },
            {
              "gameType": "mod",
              "id": 306612,
              "name": "Fabric API",
              "gameEntityId": 306612,
              "dependencyType": "required"
            },
            {
              "gameType": "mod",
              "id": 310111,
              "name": "Roughly Enough Items FabricForge (REI)",
              "gameEntityId": 310111,
              "dependencyType": "required"
            },
            {
              "gameType": "mod",
              "id": 256717,
              "name": "Clumps",
              "gameEntityId": 256717,
              "dependencyType": "required"
            }
          ],
          "available": false
        },
        {
          "stateGameElement": "active",
          "id": 10000020,
          "name": "TL skin and cape",
          "favorite": false,
          "version": {
            "id": 11001986,
            "name": "1.22",
            "metadata": {
              "sha1": "6715eb1da16028042609d2f8fb03d637ce4dc546",
              "size": 536720,
              "path": "mods/tl_skin_cape_forge_1.18_1.18.2-1.25.jar",
              "url": "/mods/10000020/11001986/tl_skin_cape_forge_1.18_1.18.2-1.25.jar"
            },
            "available": false
          },
          "userInstall": false,
          "populateStatus": false,
          "available": false
        }
      ],
      "resourcePacks": [],
      "maps": [],
      "shaderpacks": [],
      "gameVersionDTO": {
        "id": 35,
        "name": "1.18.2"
      },
      "forgeVersionDTO": {
        "id": 3352,
        "name": "40.1.84"
      },
      "id": -592246355627101,
      "name": "1.0",
      "available": false
    },
    "versions": [],
    "userInstall": false,
    "populateStatus": false,
    "available": false
  },
  "source": "local_version_repo",
  "jar": "1.18.2",
  "skinVersion": true
}