{
  "mod_id": "byg",
  "provided_stones": [
    {
      "block_id": "byg:red_rock",
      "types": [
        "stone"
      ],
      "id": "byg_red_rock",
      "en_name": "Red Rock"
    },
    {
      "block_id": "byg:dacite",
      "types": [
        "stone"
      ],
      "id": "byg_dacite",
      "en_name": "Dacite"
    },
    {
      "block_id": "byg:brimstone",
      "types": [
        "nether"
      ],
      "id": "byg_brimstone",
      "en_name": "Brimstone"
    },
    {
      "block_id": "byg:ether_stone",
      "types": [
        "end"
      ],
      "id": "byg_ether_stone",
      "en_name": "Ether Stone"
    },
    {
      "block_id": "byg:soapstone",
      "types": [
        "stone"
      ],
      "id": "byg_soapstone",
      "en_name": "Soapstone"
    },
    {
      "block_id": "byg:blue_netherrack",
      "types": [
        "nether"
      ],
      "id": "byg_blue_netherrack",
      "en_name": "Blue Netherrack"
    },
    {
      "block_id": "byg:scoria_stone",
      "types": [
        "nether"
      ],
      "id": "byg_scoria",
      "en_name": "Scoria"
    },
    {
      "block_id": "byg:travertine",
      "types": [
        "stone"
      ],
      "id": "byg_travertine",
      "en_name": "Travertine"
    },
    {
      "block_id": "byg:rocky_stone",
      "types": [
        "stone"
      ],
      "id": "byg_rocky",
      "en_name": "Rocky"
    },
    {
      "block_id": "byg:cryptic_stone",
      "types": [
        "end"
      ],
      "id": "byg_cryptic",
      "en_name": "Cryptic"
    },
    {
      "block_id": "byg:purpur_stone",
      "types": [
        "end"
      ],
      "id": "byg_purpur",
      "en_name": "Purpur"
    },
    {
      "block_id": "byg:mossy_stone",
      "types": [
        "stone"
      ],
      "id": "byg_mossy_stone",
      "en_name": "Mossy Stone"
    }
  ],
  "provided_ores": [
    {
      "block_id": [
        "byg:anthracite_ore"
      ],
      "en_name": "Anthracite Ore",
      "types": [
        "nether"
      ],
      "id": "anthracite_ore",
      "stone": [
        "byg_brimstone"
      ]
    },
    {
      "block_id": [
        "byg:pendorite_ore"
      ],
      "en_name": "Pendorite Ore",
      "types": [
        "nether"
      ],
      "id": "pendorite_ore",
      "stone": [
        "byg_blue_netherrack"
      ]
    },
    {
      "block_id": [
        "byg:emeraldite_ore"
      ],
      "en_name": "Emeraldite Ore",
      "types": [
        "nether"
      ],
      "id": "emeraldite_ore",
      "stone": [
        "byg_scoria"
      ]
    },
    {
      "block_id": [
        "byg:ametrine_ore"
      ],
      "en_name": "Ametrine Ore",
      "types": [
        "end"
      ],
      "id": "ametrine_ore",
      "stone": [
        "byg_ether_stone"
      ]
    },
    {
      "block_id": [
        "byg:cryptic_redstone_ore"
      ],
      "en_name": "Redstone Ore",
      "types": [
        "end"
      ],
      "id": "redstone_ore",
      "stone": [
        "byg_cryptic"
      ]
    },
    {
      "block_id": [
        "byg:lignite_ore"
      ],
      "en_name": "Lignite Ore",
      "types": [
        "end"
      ],
      "id": "lignite_ore",
      "stone": [
        "byg_ether_stone"
      ]
    },
    {
      "block_id": [
        "byg:brimstone_nether_quartz_ore",
        "byg:blue_nether_quartz_ore"
      ],
      "en_name": "Quartz Ore",
      "types": [
        "nether"
      ],
      "id": "quartz_ore",
      "stone": [
        "byg_brimstone",
        "byg_blue_netherrack"
      ]
    },
    {
      "block_id": [
        "byg:brimstone_nether_gold_ore",
        "byg:blue_nether_gold_ore"
      ],
      "en_name": "Nether Gold Ore",
      "types": [
        "nether"
      ],
      "id": "nether_gold_ore",
      "orename": [
        "gold_ore"
      ],
      "stone": [
        "byg_brimstone",
        "byg_blue_netherrack"
      ]
    }
  ]
}