{
  "mod_id": "betterend",
  "provided_stones": [
    {
      "block_id": "betterend:brimstone",
      "types": [
        "end"
      ],
      "id": "betterend_brimstone",
      "en_name": "Brimstone"
    },
    {
      "block_id": "betterend:umbralith",
      "types": [
        "end"
      ],
      "id": "betterend_umbralith",
      "en_name": "Umbralith"
    },
    {
      "block_id": "betterend:azure_jadestone",
      "types": [
        "end"
      ],
      "id": "betterend_azure_jadestone",
      "en_name": "Azure Jadestone"
    },
    {
      "block_id": "betterend:sandy_jadestone",
      "types": [
        "end"
      ],
      "id": "betterend_sandy_jadestone",
      "en_name": "Sandy Jadestone"
    },
    {
      "block_id": "betterend:virid_jadestone",
      "types": [
        "end"
      ],
      "id": "betterend_virid_jadestone",
      "en_name": "Virid Jadestone"
    },
    {
      "block_id": "betterend:sulphuric_rock",
      "types": [
        "end"
      ],
      "id": "betterend_sulphuric_rock",
      "en_name": "Sulfuric Rock"
    },
    {
      "block_id": "betterend:violecite",
      "types": [
        "end"
      ],
      "id": "betterend_violecite",
      "en_name": "Violecite"
    },
    {
      "block_id": "betterend:flavolite",
      "types": [
        "end"
      ],
      "id": "betterend_flavolite",
      "en_name": "Flavolite"
    }
  ],
  "provided_ores": [
    {
      "block_id": [
        "betterend:thallasium_ore"
      ],
      "en_name": "Thallasium Ore",
      "types": [
        "end"
      ],
      "id": "thallasium_ore",
      "stone": [
        "end_stone"
      ]
    },
    {
      "block_id": [
        "betterend:amber_ore"
      ],
      "en_name": "Amber Ore",
      "types": [
        "end"
      ],
      "id": "amber_ore",
      "stone": [
        "end_stone"
      ]
    },
    {
      "block_id": [
        "betterend:ender_ore"
      ],
      "en_name": "Ender Ore",
      "types": [
        "end"
      ],
      "id": "ender_ore",
      "stone": [
        "end_stone"
      ]
    }
  ]
}