{
  "mod_id": "enriched",
  "provided_stones": [
    {
      "block_id": "enriched:dark_granite",
      "types": [
        "stone"
      ],
      "id": "enriched_dark_granite",
      "en_name": "Dark Granite"
    },
    {
      "block_id": "enriched:marble",
      "types": [
        "stone"
      ],
      "id": "enriched_marble",
      "en_name": "Marble"
    }
  ],
  "provided_ores": [
    {
      "block_id": [
        "enriched:tanzanite_ore",
        "enriched:deepslate_tanzanite_ore"
      ],
      "en_name": "Tanzanite Ore",
      "types": [
        "stone"
      ],
      "id": "tanzanite_ore",
      "stone": [
        "stone",
        "deepslate"
      ]
    },
    {
      "block_id": [
        "enriched:ruby_ore",
        "enriched:deepslate_ruby_ore"
      ],
      "en_name": "Ruby Ore",
      "types": [
        "stone"
      ],
      "id": "ruby_ore",
      "stone": [
        "stone",
        "deepslate"
      ]
    },
    {
      "block_id": [
        "enriched:sapphire_ore",
        "enriched:deepslate_sapphire_ore"
      ],
      "en_name": "Sapphire Ore",
      "types": [
        "stone"
      ],
      "id": "sapphire_ore",
      "stone": [
        "stone",
        "deepslate"
      ]
    }
  ]
}