{
  "mod_id": "universal_ores",
  "provided_stones": [],
  "provided_ores": [
    {
      "block_id": [
        "universal_ores:blackstone_quartz_ore",
        "universal_ores:basalt_quartz_ore"
      ],
      "en_name": "Quartz Ore",
      "types": [
        "stone"
      ],
      "id": "quartz_ore",
      "stone": [
        "blackstone",
        "basalt"
      ]
    },
    {
      "block_id": [
        "universal_ores:granite_iron_ore",
        "universal_ores:tuff_iron_ore",
        "universal_ores:andesite_iron_ore",
        "universal_ores:diorite_iron_ore",
        "universal_ores:calcite_iron_ore"
      ],
      "en_name": "Iron Ore",
      "types": [
        "stone"
      ],
      "id": "iron_ore",
      "stone": [
        "granite",
        "tuff",
        "andesite",
        "diorite",
        "calcite"
      ]
    },
    {
      "block_id": [
        "universal_ores:diorite_emerald_ore",
        "universal_ores:andesite_emerald_ore",
        "universal_ores:tuff_emerald_ore",
        "universal_ores:calcite_emerald_ore",
        "universal_ores:granite_emerald_ore"
      ],
      "en_name": "Emerald Ore",
      "types": [
        "stone"
      ],
      "id": "emerald_ore",
      "stone": [
        "diorite",
        "andesite",
        "tuff",
        "calcite",
        "granite"
      ]
    },
    {
      "block_id": [
        "universal_ores:granite_gold_ore",
        "universal_ores:calcite_gold_ore",
        "universal_ores:tuff_gold_ore",
        "universal_ores:andesite_gold_ore",
        "universal_ores:blackstone_gold_ore",
        "universal_ores:diorite_gold_ore",
        "universal_ores:basalt_gold_ore"
      ],
      "en_name": "Gold Ore",
      "types": [
        "stone"
      ],
      "id": "gold_ore",
      "stone": [
        "granite",
        "calcite",
        "tuff",
        "andesite",
        "blackstone",
        "diorite",
        "basalt"
      ]
    },
    {
      "block_id": [
        "universal_ores:granite_diamond_ore",
        "universal_ores:diorite_diamond_ore",
        "universal_ores:calcite_diamond_ore",
        "universal_ores:andesite_diamond_ore",
        "universal_ores:tuff_diamond_ore"
      ],
      "en_name": "Diamond Ore",
      "types": [
        "stone"
      ],
      "id": "diamond_ore",
      "stone": [
        "granite",
        "diorite",
        "calcite",
        "andesite",
        "tuff"
      ]
    },
    {
      "block_id": [
        "universal_ores:tuff_coal_ore",
        "universal_ores:andesite_coal_ore",
        "universal_ores:granite_coal_ore",
        "universal_ores:calcite_coal_ore",
        "universal_ores:diorite_coal_ore"
      ],
      "en_name": "Coal Ore",
      "types": [
        "stone"
      ],
      "id": "coal_ore",
      "stone": [
        "tuff",
        "andesite",
        "granite",
        "calcite",
        "diorite"
      ]
    },
    {
      "block_id": [
        "universal_ores:diorite_lapis_ore",
        "universal_ores:andesite_lapis_ore",
        "universal_ores:granite_lapis_ore",
        "universal_ores:tuff_lapis_ore",
        "universal_ores:calcite_lapis_ore"
      ],
      "en_name": "Lapis Ore",
      "types": [
        "stone"
      ],
      "id": "lapis_ore",
      "stone": [
        "diorite",
        "andesite",
        "granite",
        "tuff",
        "calcite"
      ]
    },
    {
      "block_id": [
        "universal_ores:granite_redstone_ore",
        "universal_ores:tuff_redstone_ore",
        "universal_ores:diorite_redstone_ore",
        "universal_ores:andesite_redstone_ore",
        "universal_ores:calcite_redstone_ore"
      ],
      "en_name": "Redstone Ore",
      "types": [
        "stone"
      ],
      "id": "redstone_ore",
      "stone": [
        "granite",
        "tuff",
        "diorite",
        "andesite",
        "calcite"
      ]
    },
    {
      "block_id": [
        "universal_ores:tuff_copper_ore",
        "universal_ores:granite_copper_ore",
        "universal_ores:andesite_copper_ore",
        "universal_ores:calcite_copper_ore",
        "universal_ores:diorite_copper_ore"
      ],
      "en_name": "Copper Ore",
      "types": [
        "stone"
      ],
      "id": "copper_ore",
      "stone": [
        "tuff",
        "granite",
        "andesite",
        "calcite",
        "diorite"
      ]
    }
  ]
}