{
  "mod_id": "immersiveengineering",
  "provided_stones": [],
  "provided_ores": [
    {
      "block_id": [
        "immersiveengineering:ore_lead",
        "immersiveengineering:deepslate_ore_lead"
      ],
      "en_name": "Lead Ore",
      "types": [
        "stone"
      ],
      "id": "lead_ore",
      "stone": [
        "stone",
        "deepslate"
      ]
    },
    {
      "block_id": [
        "immersiveengineering:ore_nickel",
        "immersiveengineering:deepslate_ore_nickel"
      ],
      "en_name": "Nickel Ore",
      "types": [
        "stone"
      ],
      "id": "nickel_ore",
      "stone": [
        "stone",
        "deepslate"
      ]
    },
    {
      "block_id": [
        "immersiveengineering:ore_silver",
        "immersiveengineering:deepslate_ore_silver"
      ],
      "en_name": "Silver Ore",
      "types": [
        "stone"
      ],
      "id": "silver_ore",
      "stone": [
        "stone",
        "deepslate"
      ]
    },
    {
      "block_id": [
        "immersiveengineering:ore_uranium",
        "immersiveengineering:deepslate_ore_uranium"
      ],
      "en_name": "Uranium Ore",
      "types": [
        "stone"
      ],
      "id": "uranium_ore",
      "stone": [
        "stone",
        "deepslate"
      ]
    },
    {
      "block_id": [
        "immersiveengineering:ore_aluminum",
        "immersiveengineering:deepslate_ore_aluminum"
      ],
      "en_name": "Bauxite Ore",
      "types": [
        "stone"
      ],
      "id": "aluminum_ore",
      "stone": [
        "stone",
        "deepslate"
      ]
    }
  ]
}