{
  "mod_id": "minecraft",
  "provided_stones": [
    {
      "block_id": "minecraft:stone",
      "types": [
        "stone"
      ],
      "id": "stone",
      "en_name": "Stone"
    },
    {
      "block_id": "minecraft:deepslate",
      "types": [
        "stone"
      ],
      "id": "deepslate",
      "en_name": "Deepslate"
    },
    {
      "block_id": "minecraft:andesite",
      "types": [
        "stone"
      ],
      "id": "andesite",
      "en_name": "Andesite"
    },
    {
      "block_id": "minecraft:diorite",
      "types": [
        "stone"
      ],
      "id": "diorite",
      "en_name": "Diorite"
    },
    {
      "block_id": "minecraft:granite",
      "types": [
        "stone"
      ],
      "id": "granite",
      "en_name": "Granite"
    },
    {
      "block_id": "minecraft:sandstone",
      "types": [
        "stone"
      ],
      "id": "sandstone",
      "en_name": "Sandstone"
    },
    {
      "block_id": "minecraft:red_sandstone",
      "types": [
        "stone"
      ],
      "id": "red_sandstone",
      "en_name": "Red Sandstone"
    },
    {
      "block_id": "minecraft:dripstone_block",
      "types": [
        "stone"
      ],
      "id": "dripstone",
      "en_name": "Dripstone"
    },
    {
      "block_id": "minecraft:tuff",
      "types": [
        "stone"
      ],
      "id": "tuff",
      "en_name": "Tuff"
    },
    {
      "block_id": "minecraft:smooth_basalt",
      "types": [
        "stone"
      ],
      "id": "smooth_basalt",
      "en_name": "Smooth Basalt"
    },
    {
      "block_id": "minecraft:basalt",
      "types": [
        "nether"
      ],
      "id": "basalt",
      "en_name": "Basalt"
    },
    {
      "block_id": "minecraft:calcite",
      "types": [
        "stone"
      ],
      "id": "calcite",
      "en_name": "Calcite"
    },
    {
      "block_id": "minecraft:netherrack",
      "types": [
        "nether"
      ],
      "id": "netherrack",
      "en_name": "Netherrack"
    },
    {
      "block_id": "minecraft:blackstone",
      "types": [
        "nether"
      ],
      "id": "blackstone",
      "en_name": "Blackstone"
    },
    {
      "block_id": "minecraft:end_stone",
      "types": [
        "end"
      ],
      "id": "end_stone",
      "en_name": "End Stone"
    }
  ],
  "provided_ores": [
    {
      "block_id": [
        "minecraft:coal_ore",
        "minecraft:deepslate_coal_ore"
      ],
      "en_name": "Coal Ore",
      "types": [
        "stone"
      ],
      "id": "coal_ore",
      "stone": [
        "stone",
        "deepslate"
      ]
    },
    {
      "block_id": [
        "minecraft:iron_ore",
        "minecraft:deepslate_iron_ore"
      ],
      "en_name": "Iron Ore",
      "types": [
        "stone"
      ],
      "id": "iron_ore",
      "stone": [
        "stone",
        "deepslate"
      ]
    },
    {
      "block_id": [
        "minecraft:gold_ore",
        "minecraft:deepslate_gold_ore"
      ],
      "en_name": "Gold Ore",
      "types": [
        "stone"
      ],
      "id": "gold_ore",
      "stone": [
        "stone",
        "deepslate"
      ]
    },
    {
      "block_id": [
        "minecraft:nether_gold_ore"
      ],
      "en_name": "Nether Gold Ore",
      "types": [
        "nether"
      ],
      "id": "nether_gold_ore",
      "orename": [
        "gold_ore"
      ],
      "stone": [
        "netherrack"
      ]
    },
    {
      "block_id": [
        "minecraft:copper_ore",
        "minecraft:deepslate_copper_ore"
      ],
      "en_name": "Copper Ore",
      "types": [
        "stone"
      ],
      "id": "copper_ore",
      "stone": [
        "stone",
        "deepslate"
      ]
    },
    {
      "block_id": [
        "minecraft:emerald_ore",
        "minecraft:deepslate_emerald_ore"
      ],
      "en_name": "Emerald Ore",
      "types": [
        "stone"
      ],
      "id": "emerald_ore",
      "stone": [
        "stone",
        "deepslate"
      ]
    },
    {
      "block_id": [
        "minecraft:lapis_ore",
        "minecraft:deepslate_lapis_ore"
      ],
      "en_name": "Lapis Ore",
      "types": [
        "stone"
      ],
      "id": "lapis_ore",
      "stone": [
        "stone",
        "deepslate"
      ]
    },
    {
      "block_id": [
        "minecraft:diamond_ore",
        "minecraft:deepslate_diamond_ore"
      ],
      "en_name": "Diamond Ore",
      "types": [
        "stone"
      ],
      "id": "diamond_ore",
      "stone": [
        "stone",
        "deepslate"
      ]
    },
    {
      "block_id": [
        "minecraft:nether_quartz_ore"
      ],
      "en_name": "Quartz Ore",
      "types": [
        "nether"
      ],
      "id": "quartz_ore",
      "stone": [
        "netherrack"
      ]
    },
    {
      "block_id": [
        "minecraft:redstone_ore",
        "minecraft:deepslate_redstone_ore"
      ],
      "en_name": "Redstone Ore",
      "types": [
        "stone"
      ],
      "id": "redstone_ore",
      "stone": [
        "stone",
        "deepslate"
      ]
    }
  ]
}